{
 "13": {
  "1": 6.441650221730789e-50,
  "2": 2.0504665171062661e-47,
  "3": 9.11033086743031e-46,
  "4": 3.5323616012343814e-43,
  "5": 4.9454172311295946e-42,
  "6": 4.24937138432077e-40,
  "7": 2.8218537672806514e-38,
  "8": 2.627288117559683e-37,
  "9": 5.910469934023435e-35,
  "10": 4.89339100073032e-34,
  "11": 5.1823189599891625e-33,
  "12": 2.181055628032752e-31,
  "13": 1.3232033091803297e-29,
  "14": 4.38344107214725e-29,
  "15": 1.8515836101066288e-27,
  "16": 2.225116522706957e-26,
  "17": 1.742268405542732e-25,
  "18": 1.1383259925300706e-24,
  "19": 1.07319563203638e-22,
  "20": 6.327070361127604e-22,
  "21": 1.5307186055060819e-21,
  "22": 4.231702790672297e-20,
  "23": 3.288764050558973e-19,
  "24": 5.272681367311504e-18,
  "25": 1.2232865370967413e-17,
  "26": 1.5535584381602007e-16,
  "27": 3.977538418374791e-15,
  "28": 8.385193634372399e-15,
  "29": 2.1947165079557793e-14,
  "30": 1.9850841259888521e-13,
  "31": 2.7501830062626143e-12,
  "32": 1.3706165416720235e-11,
  "33": 1.969454124992295e-11,
  "34": 1.149524392874265e-09,
  "35": 2.856770185333e-09,
  "36": 4.45663529891744e-09,
  "37": 1.0755200964149134e-08,
  "38": 3.709844302703263e-08,
  "39": 5.415014824413e-07,
  "40": 3.0717803107004695e-06,
  "41": 3.0395630277110896e-06,
  "42": 6.7901328660556035e-06,
  "43": 5.8789084717311144e-05,
  "44": 0.00013218206454280643,
  "45": 0.0004523308430502607,
  "46": 0.0005442360899261376,
  "47": 0.0019206163785439132,
  "48": 0.011479353183801598,
  "49": 0.01585948699926374,
  "50": 0.009317621962170761
 },
 "14": {
  "1": 4.804371784912682e-55,
  "2": 1.6121489176961862e-52,
  "3": 7.471474162032919e-51,
  "4": 3.107011761058383e-48,
  "5": 4.515783760621722e-47,
  "6": 4.193753273885555e-45,
  "7": 2.9643443246488286e-43,
  "8": 2.897644218712969e-42,
  "9": 7.227730957232928e-40,
  "10": 6.241125777451412e-39,
  "11": 7.162646401089893e-38,
  "12": 3.310932288202315e-36,
  "13": 2.183627873372817e-34,
  "14": 7.563930480789752e-34,
  "15": 3.660353791587728e-32,
  "16": 4.699841273229967e-31,
  "17": 4.012080059470126e-30,
  "18": 2.874783873129384e-29,
  "19": 3.1192300495368385e-27,
  "20": 1.9489634748715934e-26,
  "21": 5.1654701644721074e-26,
  "22": 1.6690828188481285e-24,
  "23": 1.4098715788740309e-23,
  "24": 2.567574566062462e-22,
  "25": 6.374659596879591e-22,
  "26": 9.770452216724576e-21,
  "27": 2.8081093532473424e-19,
  "28": 6.330765739433481e-19,
  "29": 1.961350741454352e-18,
  "30": 2.057246456769352e-17,
  "31": 3.309332635173889e-16,
  "32": 1.8420395738203602e-15,
  "33": 2.9660629476583467e-15,
  "34": 2.2631289491006043e-13,
  "35": 5.97864662840518e-13,
  "36": 1.1189878340495546e-12,
  "37": 3.130305701720469e-12,
  "38": 1.3283152484249214e-11,
  "39": 2.4137220275421773e-10,
  "40": 1.5743989423497216e-09,
  "41": 1.7557007227306011e-09,
  "42": 5.362110698337829e-09,
  "43": 5.729238323503098e-08,
  "44": 1.51283901673505e-07,
  "45": 6.786307709092332e-07,
  "46": 9.471027675577253e-07,
  "47": 5.1495758076718934e-06,
  "48": 3.844318446472023e-05,
  "49": 6.403055858952492e-05,
  "50": 5.14235832076e-05
 }
}