{
 "12": {
  "1": 2.4246542966444597e-26,
  "2": 1.616520186765377e-26,
  "3": 2.9577988544232976e-26,
  "4": 5.450158959465854e-25,
  "5": 1.5231117205385713e-24,
  "6": 1.1676406099613485e-23,
  "7": 1.6947690875807569e-22,
  "8": 5.706068555445205e-22,
  "9": 2.0539324067520602e-20,
  "10": 8.842617508061723e-20,
  "11": 2.9974250570475673e-19,
  "12": 3.84526604104478e-18,
  "13": 8.934023481443289e-17,
  "14": 1.8270871496548208e-16,
  "15": 1.970558965454075e-15,
  "16": 1.2761434950614483e-14,
  "17": 4.624002427356562e-14,
  "18": 1.3772671933258997e-13,
  "19": 4.1594755468305535e-12,
  "20": 1.555710609650691e-11,
  "21": 1.8668131280713818e-11,
  "22": 1.5900930964379065e-10,
  "23": 6.598698857404566e-10,
  "24": 3.978426096156093e-09,
  "25": 5.372466950204464e-09,
  "26": 1.2261299115515138e-08,
  "27": 5.989145196029483e-08,
  "28": 1.0563277325696012e-08,
  "29": 3.0782747067086476e-07,
  "30": 2.569716217766262e-06,
  "31": 2.633611867224965e-05,
  "32": 9.87298452369684e-05,
  "33": 0.00010252657008902057,
  "34": 0.002577484434114938,
  "35": 0.0052849223319322855,
  "36": 0.004450225701315491,
  "37": 0.006411081215592987,
  "38": 0.010292785356687753,
  "39": 0.06205764804432745,
  "40": 0.2291161080980981,
  "41": 0.19202942552083085,
  "42": 0.10124835212478252,
  "43": 0.34748239284258287,
  "44": 0.6216982345863175,
  "45": 0.6270778502582718,
  "46": 0.6316947001180131,
  "47": 0.43108473349044063,
  "48": 0.9209797850430489,
  "49": 0.4665186668566859,
  "50": 0.1135237243143704
 },
 "13": {
  "1": 9.62964972193618e-35,
  "2": 4.092601131822876e-34,
  "3": 2.311115933264683e-33,
  "4": 3.9310637577373968e-31,
  "5": 4.242775519236471e-30,
  "6": 1.426613347005401e-29,
  "7": 2.4324288160141767e-28,
  "8": 9.83168218051483e-28,
  "9": 5.414826523985313e-26,
  "10": 2.7735496096160666e-25,
  "11": 1.3015268432488972e-24,
  "12": 2.4111484085162165e-23,
  "13": 7.687347265542477e-22,
  "14": 1.8550698426744994e-21,
  "15": 3.2718095594443275e-20,
  "16": 2.678312055618345e-19,
  "17": 1.3133087125963036e-18,
  "18": 5.391871676078574e-18,
  "19": 2.6556493909976995e-16,
  "20": 1.2181497309028572e-15,
  "21": 2.023055324994439e-15,
  "22": 3.0704379287692894e-14,
  "23": 1.7665241288853837e-13,
  "24": 1.8289585986989825e-12,
  "25": 3.3965628000900458e-12,
  "26": 2.4014415110970508e-11,
  "27": 4.377155432820866e-10,
  "28": 7.623835184982218e-10,
  "29": 1.2578034045060058e-09,
  "30": 7.732146919050623e-09,
  "31": 7.373281501555319e-08,
  "32": 2.812858888099457e-07,
  "33": 3.0917089907640485e-07,
  "34": 9.855947891308562e-06,
  "35": 2.1434306826104273e-05,
  "36": 2.265639347469668e-05,
  "37": 4.020792973419644e-05,
  "38": 9.10601219213697e-05,
  "39": 0.000860444239090983,
  "40": 0.00372561870110526,
  "41": 0.0029402232657901855,
  "42": 0.0035868631128525303,
  "43": 0.020738553678191992,
  "44": 0.03519065640353494,
  "45": 0.07179724881217173,
  "46": 0.07136399747196905,
  "47": 0.09310355485607917,
  "48": 0.3892170192952478,
  "49": 0.7011129182888629,
  "50": 0.3237756154071302
 },
 "14": {
  "1": 4.81482486096809e-35,
  "2": 2.407412430484045e-35,
  "3": 4.81482486096809e-35,
  "4": 2.407412430484045e-35,
  "5": 2.407412430484045e-34,
  "6": 1.5407439555097887e-33,
  "7": 6.692606556745645e-33,
  "8": 1.5166698312049482e-32,
  "9": 1.663810878956133e-30,
  "10": 1.2426581483672543e-29,
  "11": 8.535798550722005e-29,
  "12": 2.0349618459568527e-27,
  "13": 7.595094126826971e-26,
  "14": 1.9647760457360937e-25,
  "15": 4.1366850956709276e-24,
  "16": 3.64994462154997e-23,
  "17": 1.96154461853304e-22,
  "18": 8.838550584219678e-22,
  "19": 4.9896083046072574e-20,
  "20": 2.4191979321584537e-19,
  "21": 4.380814472678202e-19,
  "22": 7.707084077371206e-18,
  "23": 4.799419241157125e-17,
  "24": 5.612907674879923e-16,
  "25": 1.112680216477218e-15,
  "26": 9.446874711609094e-15,
  "27": 1.9299907384539607e-13,
  "28": 3.59367218323432e-13,
  "29": 7.02528142509949e-13,
  "30": 5.023953748369454e-12,
  "31": 5.5921446144427965e-11,
  "32": 2.3953865005610975e-10,
  "33": 2.970271220456711e-10,
  "34": 1.2640064249840648e-08,
  "35": 2.9390337083684832e-08,
  "36": 3.801351694558198e-08,
  "37": 7.96815717780498e-08,
  "38": 2.290062334238669e-07,
  "39": 2.8042644920087443e-06,
  "40": 1.4343381370331375e-05,
  "41": 1.3051616723454372e-05,
  "42": 2.386215543976398e-05,
  "43": 0.00018308508013743942,
  "44": 0.0003779335591322248,
  "45": 0.001133281933868948,
  "46": 0.0012765705959230835,
  "47": 0.0037817233446744603,
  "48": 0.02094380773763297,
  "49": 0.027464464578329212,
  "50": 0.014760712399995473
 }
}